userId,username
1,bear
2,Isaac
3,Andrea
4,JWF46
5,ChrisH
6,booboo
7,barom
8,Bucsfanatic
9,Rjob74
10,Rami
11,B61MD1
12,Marg
13,zephyr
14,Spanky
15,Sfcc6
16,Eicfi
17,OKyES
18,dpeter
19,Josaphine
20,Tpc88888
21,BradmanTX
22,Zoom
23,gadgetguy11
24,fuji
25,Talia501
26,nebrando
27,Tgiberson
28,funfam3
29,ConsistentBuyer
30,GoBlue
31,Kennymac29
32,HonestReview
33,therock
34,Tablet
35,Ipadair2
36,Klif
37,Kendel
38,Quilter
39,bobs72ss
40,Esteban
41,Admin
42,reporich
43,sally
44,Kent
45,Kris
46,jwilburn
47,lmiddleton
48,Nirvana
49,BBReview
50,Abele
51,Lindle
52,IphoneOwner
53,Munoz425
54,Sparkygirl
55,Awesomelena
56,TECHK
57,JoeW
58,Jinzheng
59,rlmgolfer
60,JWGRANT2
61,SeanRyan
62,goglobal
63,Dominic
64,JENK201
65,ezze110
66,Slydawg
67,Stacymcj
68,Koko
69,OftheCat
70,AFPRO
71,HarryT
72,Shubbard66
73,Jamarti4
74,MollyLeigh
75,David64
76,Crissy
77,moose49
78,ibeb71
79,NIKE
80,BigO
81,TinLexington
82,Samuelroscoe1
83,Slim
84,tinkerbell2
85,gimpy72
86,Annie
87,D7A8
88,DaveZ
89,4Abear
90,Corey
91,KiKi
92,Granny
93,Ivanmanxi
94,goblue69
95,GSK7
96,Angfoo
97,rcuti
98,shangels
99,kokirios77
100,MTgirl406
101,Kevobuy
102,Kirkman
103,Malibu
104,sunkamanitu
105,JustinJales
106,Bandit78
107,Minimario
108,TWoods
109,red1
110,Memphis030307
111,Angel1960
112,RayC
113,Aaronk6387
114,icwhatudidthere
115,CaptinVic
116,1gra
117,Ssaviola85
118,LorieW2017
119,Naazi
120,Jessica84
121,rochester
122,Speedy
123,Momfromga
124,Sparkle
125,btcwgt
126,ATomP
127,Samiam
128,opchiasm
129,ndfer
130,Gram
131,Wanoo
132,ewohl726
133,Denise
134,tntpraz
135,tinytoy
136,mahoney
137,Jayjag
138,Paige1
139,NanainBeanTown
140,Btellis04
141,Dcmurphy1515
142,Grandma2four
143,ccrotts
144,kimb
145,Miguelitotres
146,santa
147,Jenny
148,RAJKIRAN
149,KensReview
150,iggi
151,Mukesh
152,BobM
153,Nicole
154,Kitten
155,Cjackprays1
156,Mroldschool
157,Courtkap
158,Cats2010
159,Belle
160,Chrisell
161,MattieIce
162,Lama9200
163,liltweetaf
164,Ebald
165,IbDAH
166,Kassman
167,Jus10nHouston
168,EZDUZIT
169,Bobby09
170,Tazz141
171,Bserkt
172,TVLover
173,Fritz
174,brent
175,davepjoneshen
176,elgrannada
177,bcgphoto
178,Dubber
179,Annette
180,Mommy
181,Radarblade
182,Rocker
183,INWOMAN
184,emilyjones
185,CasualFan
186,dlb1
187,LookoutNoah
188,5370
189,Dana
190,Brucecg
191,RobertNativeNewYorker
192,Juan
193,MyGus
194,46chevy
195,Goofycolucci
196,Em17
197,Tessellation
198,CuttaLoc314
199,NaveenKumar
200,Victorvon
201,Candy63
202,Dskies
203,Jr10
204,pura
205,Bud11dy
206,Bearsfan
207,Akadink
208,tc13
209,truman
210,cadmark
211,dm32563
212,Mrskim
213,Gibzilla
214,Spot
215,VaBeach
216,JKL73
217,Stu76
218,Budman
219,Rue8666
220,552018
221,Schatzy
222,Morning
223,AerieJoyce
224,Woodzy
225,Samsungjunkie
226,Mike
227,Missy
228,Kristen
229,Goldduster
230,ohwelles
231,MMRS29
232,Diamond2
233,TBiggz
234,onelove
235,keith
236,roje1
237,Jasper
238,MonMave
239,greygirl
240,redhead
241,Alo73
242,Product
243,Dom1
244,CJTHERAINMAKER
245,BtownFarmer
246,KAL12
247,Kburgess2
248,Jazz
249,Jesse
250,Williesgirl
251,GGinBC
252,Thelump
253,DMARC13
254,Icequeen33983
255,Blue
256,Binlv
257,femochie
258,STFD20
259,Sarah
260,swhittak
261,houl
262,Kimberjo
263,jay5
264,world
265,Fultz3336
266,Tasharazzi
267,Mcr89
268,OneM45
269,Msimon
270,Gdub61
271,KokomoGuy
272,Collins
273,DarrellM
274,JDee
275,Willie
276,Neil
277,TechFan
278,Mommytinatoo
279,bubble
280,Tony
281,Vannie
282,SHays
283,Bamboozler
284,Ivan
285,Tigerbaby
286,Mike57
287,Deebs
288,Echo
289,BrianR
290,jecks
291,termite01
292,Nino
293,Scearls
294,laf452
295,Brett
296,BestPurchaser
297,Sean
298,Duluthian
299,SNMJR
300,Katsradio2014
301,Charles
302,Bertram
303,Nome
304,Takamala
305,Cristian
306,Wheels
307,Gadgets
308,kayakmeme
309,Seminoles808
310,Annoyed
311,Khrysoar
312,Kitchen
313,Michelles3
314,ChesapeakeTraveler
315,Tyler
316,ayc61
317,lesliebk
318,9305
319,Xersize
320,Romanv011
321,Lakle
322,chevys10
323,2617
324,Greg
325,Shortcake
326,Judd
327,LoveToRead
328,Jere
329,clos2132
330,Cagegod
331,redbone357
332,Johnnyblack
333,mjaymesmoore
334,TlmFNP
335,Joneal5136
336,Rkhart
337,Hope
338,Sady
339,Petie
340,MyAbby1
341,Ksdad16
342,MIMI
343,KenJ
344,randomA2resident
345,Julumoru
346,Gene
347,Gospelnote2000
348,digger
349,Hernandedz
350,ChargerD
351,Onepome
352,MikeW
353,staffmeeting
354,Scorpiobleu
355,khoffee
356,classicman
357,CHUCK
358,roland
359,Mrawesome
360,Ob1mn
361,sonosfan
362,Hexenbane
363,JoseP
364,Gemini117
365,DeSi
366,RonG
367,CBP4
368,HotTNMomma
369,TeachersEyewitnessNews
370,Jackie
371,JanM
372,kimsanity
373,Boomstick
374,Robert504
375,Costarick
376,Barbie
377,AmateurGoProer
378,Earthdog
379,DUDE1
380,Papa
381,Me2016
382,Mitz
383,gram
384,STL5
385,Sillg1
386,Playbymyrules
387,tamtts1948
388,WifiG
389,rkfb
390,BBConsumer
391,MEFlady
392,photogshooter
393,CoachSean
394,DeeJay
395,Freezing
396,Jethro
397,Redneck
398,keeling46bb
399,Gina
400,BobS
401,Lulu
402,Nikki
403,Moviereviewernyc
404,GD23
405,Theriflemen
406,Maddog
407,plasmajunkie
408,DBG126
409,SXMgiftcardman
410,Prady
411,jt123
412,hammer
413,Tweekem
414,Sandan
415,Vanessa
416,Lbig
417,ALML
418,Techmama
419,Smooth
420,Rmatter
421,Nick613
422,Kilo
423,Parshu
424,tonyb
425,Newbie
426,AvidReader
427,Dilly
428,neuby
429,Geno
430,BassManMN
431,jman
432,pjae4121
433,litle
434,Longbeach5150
435,Mechnugget
436,beatle0331
437,George
438,CRA34
439,Juj14
440,chk940
441,LoveTech
442,Robert
443,Jeff
444,Danny
445,smarttv
446,Swamprat357
447,LittleAVGuy
448,kennrzz
449,russ
450,Jen24
451,JGDomke
452,Rottweilerdad
453,Bob43
454,Giorgio
455,Glory
456,MsWit
457,sofiasmom101
458,swiff11
459,mdharbarth
460,Amparo419
461,quickshot
462,fivespeed
463,Jerry
464,Griz
465,Show
466,Triway
467,Fanboy
468,JDoggy
469,conman
470,MadMack
471,Buyer
472,Kalimeli
473,Fifa12machine
474,Linda
475,maxie28
476,WiggyWoo
477,Lolalilly
478,Teach
479,Clueless1
480,wbp874
481,Tommy
482,amjk
483,ReadsDaily
484,Misslabyrinth48
485,caca
486,W4R333
487,Psmithph3
488,Kairos
489,wiltonGuy
490,Sook
491,isaacruiz84
492,kellie16
493,Satisfiedcustomer2016
494,TPLink
495,Cidsue
496,javirod01
497,Megan
498,Katk
499,Bart15
500,philipsmom
501,Gam1
502,explore42
503,Renessa14
504,Stephy
505,Mzmaria
506,Keth181
507,Purchaser1
508,Alf56
509,Satyendra
510,Farmboy
511,901inspector
512,DonnaB
513,TempeDiablo
514,Ramiro19
515,Sheri
516,BeAsY
517,MintBeard
518,chadc
519,Pinger
520,Stepheb
521,Tonto
522,momof2
523,Crawale
524,Dwise6
525,mytoy
526,Mary
527,fatherofthebride
528,jester8199
529,MrTee
530,LadyNixie
531,Dkw1211
532,porr
533,MissLucy
534,Roku
535,Martie1116
536,FootballKicker
537,drjpitbulljudge
538,BMosley
539,Ronrico3
540,jmac568
541,Canadian
542,JoeG
543,Shannon
544,ReyS
545,MARGARET
546,Frangelica
547,Mbryan
548,bjrds170
549,Will42
550,Johnnytheking
551,Pammie
552,nita
553,DoktorJustice
554,happ
555,JOCHE
556,eslongview
557,Johnson92
558,Monkey
559,Terry
560,MrGGarry
561,DesktoptoLaptop
562,DJBryce
563,Clarabella
564,Vickie
565,Momofthree
566,Cruz
567,JCUT42
568,Smarthome
569,Daisy714
570,njguy
571,Z71Cowboy
572,bestbuyer
573,Chas
574,Maggie
575,jellyberry
576,carolann
577,Ohana
578,Wagz11
579,Leesa
580,Harwood
581,spurdie
582,Raf0002
583,Akki
584,Halibit
585,loucop
586,Jen1981
587,JROC
588,Alimae628
589,Ciro
590,Christi
591,Jralford8
592,EHST
593,alchase
594,Helicop1
595,nsbagadio
596,jleininger
597,nick
598,Panda2018
599,Mavsfan09
600,Steven
601,daniel0son
602,jogger
603,Kdperry
604,ztlbxx
605,Tibbs
606,Davehughes3
607,Mommymoves
608,Somebody
609,Sbux1
610,Werda64
611,Eddie485
612,Jojo
613,bluesky2000
614,JShore
615,BGriff
616,AmyB
617,hardaway
618,LDLL
619,DaQueen
620,Eaglenut1
621,JLT421
622,ericandlisa
623,BB808
624,Bostondogs
625,ddscullyga
626,Bubba
627,Hawk
628,DaddyLife
629,Lizzy
630,almosta
631,Kat21
632,Msh421
633,Updt
634,Doubledee
635,GoodHopeGal
636,Kellif227
637,oldschool
638,Jamie
639,Rama
640,Jacobplays11
641,Momof4boys
642,chocolate
643,jjhippo
644,MDDad
645,Wighead
646,ScottyB
647,TechWizFL
648,Andy
649,Tashie
650,happygrandparent
651,trackiehigh
652,jedimaster
653,Bugbasher
654,Mchiare
655,sbennsanta
656,Dano
657,Chloe
658,GREAT
659,Flores1984
660,Chanel
661,Budd
662,ShowMeSenate
663,Tess
664,DavidB
665,Brezz
666,Ruff
667,Marisha
668,Rmptat65
669,mrdodgercazul
670,lnunez
671,boughtarlo
672,Jfhman001
673,Heath
674,grayson41
675,Plugthegap
676,BR549TX
677,vpavbbm
678,Khowey
679,Jane
680,GolfQueen
681,69chopper
682,Manda
683,JennTerr
684,rpmrtn
685,Smoke
686,Brandon
687,jake
688,grandma
689,nclev
690,Karthik
691,Blahblahsomeone
692,dhunt
693,hippychick
694,Pannow
695,BestBuyjukie
696,Convert
697,KEFF2
698,Danaw
699,Selly
700,Volksman
701,KeepOnLearning
702,fantomas81
703,Lyon7179
704,Jays
705,MusicLover
706,Ingie
707,Rilo
708,Lwm333
709,agzela
710,gracie
711,jimc1936
712,aboye004
713,Connie
714,LJ1966
715,GregoryMichael
716,Priyesh3d3
717,Sulley
718,Rocky
719,00Gambler
720,Changosandchangito
721,Broadwayman
722,clan
723,MrsB
724,Beccad79
725,HuHugo
726,Techguy
727,BigBadUglyDude
728,Chuckie
729,Joan68
730,Beepersp17
731,Jpeel
732,Tarun
733,Stalin
734,CarolDD
735,tyagiravikumar
736,Mere80
737,ChristisKing
738,Bigboatchips
739,jc1in02
740,shorty8338
741,clw32oz
742,molady
743,homemaker
744,Brigitte
745,Cinder12
746,oldjohnsr
747,Rojo
748,DeeDee
749,LT235
750,Momma
751,latoshavns
752,MtnManMike
753,rmwarriors
754,Relativist
755,jeremy479ark
756,shhimreading
757,54035723
758,Jpan5447
759,MichiganDude
760,Gasman33
761,SteveW
762,JohnS
763,Collegekid
764,satisfiedcustomer229
765,Martin
766,Scheu
767,Souza
768,MWoods
769,Kindleking
770,Diego
771,Anne
772,TimC
773,Cangri
774,Honydear
775,Gdwillia
776,Heather3
777,Racyta34
778,tealady
779,kcerps
780,Grammy
781,Sarthak
782,Gabby
783,dcal1959
784,MaryS
785,DavidFF
786,Erica
787,Katiebug902
788,Sher
789,topshopper
790,Jonathan
791,john
792,teresa052
793,TickleMePink
794,Farmingnana
795,Johnb09
796,Kimyata
797,Kojack
798,Sweetlady
799,Claudy
800,Virgil
801,Starchecker
802,Kevin
803,Gonzolean
804,6392
805,Bob5397
806,JohnDood1
807,Cody
808,9thwardboi
809,1254
810,Xamdersmum
811,MikeyDad
812,john1509
813,GerryGeek
814,Angelo
815,FireGuy
816,MaloIrukandji
817,Stacie
818,mruiz9
819,Saratogagal
820,Jesus
821,Dooly
822,natenkatesmom
823,riwa
824,MovieMagic
825,Jenco
826,Shawna
827,Epinzon25
828,vickki
829,TaterX
830,1mom
831,Kokko
832,JMH28
833,Garcij2
834,mikepapp13
835,BiggerTigger
836,MikeB
837,snegrif
838,stacyjo
839,BMack
840,pemcc72
841,MattyC
842,disappointedauntie
843,Kuch15
844,Ladybug
845,trbldwine3
846,Toshamarriiee
847,Lafeyette
848,dk22
849,Cajunconeman
850,Boshi
851,Mboo
852,Kiki
853,Prazmatic
854,Kaitkins
855,Dontbuy
856,Kamp
857,susanl825
858,Ally
859,Destiny
860,ReviewerExtraordinaire
861,COCO
862,Ellis
863,luckybug
864,EchoPlus
865,JaiL
866,Walticus
867,iowaman44
868,horseman
869,Shopper05
870,LPark
871,Rlee
872,Thomas
873,diva
874,Quinn
875,BMS12344321
876,MasterMan
877,HappyWazer
878,MLee
879,Angelica2k
880,Ckkparker
881,riki
882,Fredbear
883,Bampi
884,Lori
885,HappyNerd
886,ddub88
887,thestral
888,Peanut
889,Nate
890,mama24blessings
891,Jobin
892,Spencer
893,roamingasia
894,supermom
895,Harry
896,Jabba
897,Coycox
898,Punkini
899,bleaustarfish
900,Roseyj
901,Bestbuyjunkie
902,PRINTER
903,Teresa
904,Jose
905,Whit
906,Bella
907,jubyjack
908,C123u
909,PharminFlorida
910,Chinajam
911,Drrdh
912,b1nary
913,ISUgal
914,Btb611
915,Kevinandkalii
916,RICK123
917,MegC
918,Joey2380
919,Alicia
920,Jetsboy
921,SATECH
922,Cassandra
923,tinkerbell
924,Joker
925,Abner
926,Bill9698
927,Avery
928,tommy
929,Jfray
930,Carolskendel
931,HansGT
932,Martikel13
933,AngelicByrd
934,orrville
935,Whyd1Ineedan1ckname
936,Vette
937,FloridaOleFart
938,Rjrock
939,BenNguyen
940,rabbit
941,Abam1280
942,Auntie
943,ronnie
944,RickN2244
945,Sponge
946,GoodPC
947,Ranger
948,kathy
949,Darkanqei
950,Deb59
951,Murr
952,Mama1971
953,Jayman
954,pbunch
955,Lsp1012
956,Poppy
957,DonR
958,Hilda
959,thegreatma
960,FMDP
961,Onaleona
962,ST19
963,Kali
964,techgeek
965,Richardm1981
966,JPJZ
967,somileo
968,Candy
969,Parmar
970,seenu
971,Melita
972,Kimmies
973,Colin
974,hennessy
975,Krampus
976,Redz
977,Michael
978,washer
979,Andrewwarren
980,raulsk
981,Autotech21
982,Hubdad
983,rmills7
984,Courtney
985,Photolaw
986,MattC
987,Josie
988,Pdxsamps
989,JQisntadumbass
990,Smokey
991,Sail1
992,Smithville
993,WMKnox
994,Thor
995,hockey78
996,Desire604
997,Gomes11
998,Radx
999,KenC
1000,Friolenito
1001,MisterReaper
1002,CLKC
1003,MusicMan
1004,Kgrock
1005,blargh22
1006,Jbear
1007,Tammy
1008,rezawimath
1009,CDDs
1010,Angela
1011,scratcher36
1012,Dwight
1013,PghDad
1014,Stacy
1015,Deedee
1016,TexasSam
1017,trublqprnc
1018,Mickey
1019,DebC
1020,Gmom
1021,TazMonkeyMan
1022,Katy
1023,drummer1961
1024,Delo
1025,Scooby123
1026,liza
1027,Micaflac
1028,Kelsey
1029,Gigi
1030,mommabebe09
1031,Papajuliet
1032,Deborah
1033,Chinna
1034,jerry
1035,J2hott23
1036,Joe12345
1037,SkierBill
1038,DWOdom
1039,Mwhite132
1040,tmcg
1041,DARREN1
1042,Alisha
1043,nicki
1044,anjo
1045,Star
1046,Gamer69
1047,Garcia24
1048,Lenbar
1049,Kmeireles
1050,LooLoo777
1051,jdag
1052,Bgold
1053,DragonHawk1960
1054,Mcneilljr32
1055,paulfii
1056,John204
1057,Panos
1058,Katalena
1059,kflynn
1060,Bestboy
1061,jrcfh
1062,LadyG0726
1063,NeoBlaze
1064,Gadgets1
1065,wiseguy
1066,LoungeLizard
1067,aaron
1068,Efren
1069,Tonyyo
1070,Kcanino0812
1071,joesedita
1072,Jeepster
1073,9796
1074,YesyV
1075,lokey1069
1076,Shadyshaw
1077,Tookeno
1078,Debbie
1079,DonJ
1080,Amiekat
1081,SarahD
1082,father
1083,lIbrarylady
1084,sebagalaxy
1085,Abriryan
1086,Neonlady96
1087,Andy23
1088,Hear
1089,alabamatik
1090,AmandaPanda
1091,skypilot52
1092,gymmom
1093,bugs
1094,chery
1095,yhmitchell
1096,happybuyer
1097,HMike
1098,TAii
1099,HP09
1100,Sammie
1101,Scrubz
1102,Everedyvette
1103,Brynwithau
1104,Crowhitt
1105,Zmomma1
1106,rustiz
1107,soren
1108,Tom
1109,Jayden
1110,Richard
1111,dempshw
1112,tech7
1113,DD
1114,Vincentjay
1115,Mingo
1116,Angie
1117,ChandlerBing
1118,gr8whtshrk
1119,imakev
1120,gmo515151
1121,JandL
1122,gameraim
1123,PatW
1124,Elise57
1125,Casy
1126,Kenbrock3
1127,Bo75020
1128,JimB88
1129,MeenaSai
1130,iDroidGuy
1131,tablet
1132,steven
1133,9jamerican
1134,Savageks
1135,Flintlock
1136,Crash862004
1137,Ellie1
1138,Tigger0311
1139,Owney
1140,Wireguy
1141,jessxhart
1142,MaizeNBlue
1143,AHS666
1144,Jobendab
1145,mrsv
1146,Missomally
1147,CherylS
1148,AdmiralQ
1149,MarvintheMartian
1150,doggggggy
1151,Brayden
1152,IH818
1153,Duna
1154,amistad
1155,pointermom
1156,Judi
1157,NJV1
1158,RandyWatson
1159,Htownes32
1160,Techie
1161,Mrgoodtime
1162,Falloutboy210
1163,Pootoos
1164,Colleen
1165,PlasmaGuys
1166,Pookie
1167,Moe1
1168,kjella
1169,JRein
1170,MissStephanie
1171,LarryT
1172,DSuite
1173,Jude
1174,eanniec
1175,Wifie
1176,UltimateHamm
1177,Roaddog
1178,KimP
1179,Raetron
1180,LeoHan
1181,fitfreak
1182,LeeDamonehp
1183,C3nturion1
1184,Bitzi
1185,vbruss
1186,Lumia
1187,AmyLeigh
1188,siva
1189,Yoli
1190,Carter
1191,gUdsNax
1192,Rmpcbj
1193,Jaxx
1194,Kborns
1195,Coocoocachoo
1196,Scooby
1197,Zach
1198,Yve0904
1199,DC74
1200,Gramzof3
1201,JessicaPerez
1202,Techlover
1203,Tripndicular
1204,Stephen
1205,Rochelle21
1206,Kefera
1207,Brat1
1208,Dallasguy79
1209,rae89
1210,Tim68
1211,CSER
1212,ssc6
1213,macfan
1214,MikeH
1215,johnboy
1216,customer
1217,Jgrimes
1218,mikefree
1219,firstrambo1
1220,CaeRock
1221,EFYevan333
1222,Richie
1223,FMOM
1224,HulaMama
1225,fatdude
1226,Carrillo
1227,Jdsavannah
1228,ExpensiveSkin
1229,BobbyDigtal
1230,Jcarter
1231,Jtor007
1232,MyishaS
1233,Lizmomof4
1234,Tbone
1235,Boytigas
1236,Keith
1237,Boymikey77
1238,Jerichodaman
1239,Alwaysonthego
1240,Josh
1241,BSMAC
1242,Audra
1243,Trailblaze
1244,RobWtx
1245,Beatrice
1246,Kibil
1247,Momofgirls
1248,Cooldad
1249,Billie
1250,rabbitmv
1251,Alber
1252,wcpitboss
1253,Jbheels
1254,MEII
1255,Bell
1256,caligirl
1257,sandy1
1258,WinstonChurchill
1259,Mimi
1260,Jeanne
1261,Miller
1262,blue22
1263,Cynfro
1264,Rodman22
1265,Polly
1266,doyson
1267,Janny
1268,AL2016
1269,JandM
1270,Hermes25
1271,Captain
1272,marine1961
1273,12whitestar
1274,Eeyore57
1275,ukie
1276,Gustavo
1277,Technogeekster
1278,Seamus90
1279,Momof2kidz
1280,HHarville
1281,Deanna
1282,pam28594
1283,Np71
1284,Verne1
1285,oufink
1286,ksquillin
1287,amontg
1288,lgfan
1289,Mama Mos
1290,Patrick
1291,Katherine
1292,Malissa
1293,WyldeBill
1294,Moose104
1295,Cavllie
1296,craftie
1297,Gmeld
1298,Vincent
1299,Izzi
1300,Emily
1301,JMaC
1302,Nichip
1303,flyboy
1304,Amber
1305,Elizroybal
1306,joel
1307,surfacegal
1308,mama5
1309,LARudi
1310,Skh10
1311,Bradman
1312,Fingers72
1313,Chula1
1314,JohnP
1315,2poodlesmom
1316,johnbestbuy
1317,None
1318,Richyrick
1319,Wgnyfinest
1320,mxgirl876
1321,EBIII
1322,Nely
1323,strick
1324,Lala1
1325,Mamax3
1326,PawPaw1412
1327,Whitney
1328,highmaintenance
1329,KimT
1330,jncneal
1331,sebo1
1332,IlanaY
1333,onevarg
1334,Randy
1335,redluong
1336,plc9393
1337,AmoM
1338,julio
1339,Yankeemaria
1340,KWJ8500
1341,Boomerdog
1342,Bigmountain25
1343,Buckeyew
1344,cames72
1345,RayG
1346,Bkm2888
1347,pattichr
1348,peelove
1349,JFBJR
1350,PJL1
1351,Reneerid
1352,Madwildcat
1353,Alexa
1354,Buddy
1355,EddieG
1356,Tina121588
1357,466
1358,WaterRat
1359,bbartunek
1360,cdman1214
1361,ahpendo
1362,Chance
1363,seniorcitizen
1364,lorena
1365,burns
1366,Miaa
1367,Hiltonhead
1368,Hed85
1369,ddrraz
1370,scobby9709
1371,Nola
1372,Tammie
1373,kmac
1374,othmar
1375,Hills
1376,Kmax
1377,Alt2Max2
1378,LukeinGA
1379,ravip005
1380,texas
1381,Quixotic13
1382,LoneWolf
1383,yolo
1384,SweetADA
1385,misterclean64
1386,QueenStTeresa
1387,Barbara
1388,Dustin
1389,Adette
1390,Mine
1391,Stephenm
1392,doglover
1393,Wonderbyrd
1394,poolman57
1395,BBCUSTOMER4LIFE
1396,MacBookAir15
1397,2225254
1398,AKTam
1399,ExtremelyUnhappy
1400,Pete
1401,thehands
1402,MatSW
1403,ant12
1404,lac1223
1405,misssnappy56
1406,JUD1213
1407,Princess73
1408,Iboughtit
1409,booklady2
1410,MissHarm
1411,Czach
1412,UncleChetty
1413,Mommyof4
1414,ThatGuyWelch
1415,Papajoe
1416,Izzy
1417,Libbie
1418,LoveToShop
1419,hlmjbm
1420,gmdean
1421,Spicoly
1422,TechToys
1423,BarbaraM
1424,preciousmickeyfan
1425,Sophmax
1426,Bell234
1427,Bunny
1428,HAT11
1429,Tully1923
1430,Teri
1431,Newwers
1432,Trish
1433,Lisa
1434,jjay
1435,rdavis4920
1436,Discovery1
1437,Sandilopez
1438,texasjohnny
1439,ActiveOne
1440,Love
1441,Chadp81
1442,GRANDMA
1443,Paloma
1444,pgadget
1445,2gether4ever
1446,SCOOB1977
1447,Tmo5760
1448,Juju
1449,rsorbo
1450,smvere
1451,Steph05
1452,MrDB
1453,RDDG
1454,Stromboli
1455,JayKo
1456,nikki
1457,countryphotography71
1458,bonniebonesw
1459,Trblmkr
1460,Auburngirl65
1461,Niceguy
1462,LDeBerry3
1463,Fromunda
1464,Maypop
1465,Notdub
1466,polaris
1467,kief4
1468,cracineo
1469,boots
1470,Bestbuycustomer1
1471,babe
1472,johnnyjojojo
1473,Nuxxer
1474,LMHagood
1475,Grant
1476,Suzie
1477,winstonsdad
1478,david2437
1479,James
1480,lumpympc
1481,RIck
1482,PatF
1483,Joys
1484,Dylanika
1485,Unique
1486,Caboman
1487,Edward
1488,msnutnhoni
1489,MommaT
1490,QuitaMomma
1491,Piper
1492,Ronnie
1493,Sparky
1494,mathmike4
1495,Donald
1496,mnbdude
1497,WesNet
1498,Fire
1499,Jag40
1500,Kimi
1501,simp141
1502,SavvyShopper
1503,Junior
1504,Reese
1505,RecceGuy
1506,Bull
1507,MajorDraco
1508,Wine
1509,pennilaine
1510,Biffthebully
1511,Tsullir
1512,Hector
1513,romaeeeeee
1514,Tupiman
1515,mediaropa
1516,Skore
1517,ahorvath01
1518,tank
1519,Gmamarcia
1520,dennislwalker
1521,Peter
1522,dieselxdan
1523,Fievel22
1524,Amblate
1525,Kate
1526,ldouglas
1527,Ashley
1528,DJDJ
1529,notonfire1
1530,Gavin
1531,technogranny
1532,jenn
1533,JimMurdock
1534,Reaper2099
1535,drlarry
1536,Arra
1537,Reality1373
1538,Hoot57
1539,Davedz87
1540,TheNapster
1541,fvsucat
1542,breezykee10
1543,slappy1
1544,Fonlee
1545,Vijayan
1546,nest1819
1547,Pacdive
1548,Dewy
1549,PatriciaB
1550,B6W356
1551,Deemoner
1552,Ryan1972
1553,enforcereric
1554,Crowe
1555,Tisha
1556,GG13
1557,Taylor
1558,scoot
1559,Pedro
1560,cwilliams706
1561,MONEYMAKINGMAPP
1562,runik4444
1563,Revuit
1564,hakunabcbc
1565,Wifeofrecentespressolover
1566,AlexaShow
1567,Stainlessblack
1568,Bridge
1569,Jennifer08
1570,D7162
1571,Mauro
1572,Macdude
1573,Chelsey
1574,DeDe
1575,wendy
1576,Paddlegirl
1577,Ursamajor
1578,Nannyjo
1579,Creede
1580,Addy07
1581,Jeanie
1582,TheDigialGuy
1583,coreyavis
1584,Caroljoy
1585,jcfl1003
1586,blue
1587,Bluegodis
1588,Jeri
1589,Nick
1590,Stevesim
1591,North0529
1592,Elemteach
1593,Poise
1594,Marco
1595,kiyo
1596,DE28
1597,Blatzphomy
1598,Zizou
1599,Lexiplexxxxxi
1600,GlenInPTC
1601,BOBBY
1602,Blckprince
1603,senia863
1604,CanyonAg
1605,Wesley
1606,Blackbaby1
1607,Pkpk
1608,Slamajama
1609,Mzmoulder
1610,Firesout
1611,Bug293
1612,yimer
1613,7758
1614,Craigkoh
1615,ileftit2
1616,Teddy
1617,Llml
1618,RudysReview
1619,LSGM
1620,Hunny
1621,skatardrummer
1622,soccermom
1623,Beckie
1624,Wardog21
1625,jgmhunter
1626,Cbcb
1627,TommyL
1628,WentzvilleFamily
1629,1234
1630,Mik3yRobb5
1631,teslas
1632,Bianca
1633,smd3284
1634,Mbat
1635,Tynya74
1636,Moms
1637,andersonshell1972
1638,Yo40
1639,Tony9485
1640,Bobbi1928
1641,dama
1642,Stayfran64
1643,Evelyn
1644,DrJK
1645,Chuey
1646,Stillis
1647,MzPat
1648,Samsungtv22222222
1649,Amy69
1650,Bevykay
1651,Collygirl
1652,domcab
1653,NotTechie
1654,Terry7
1655,EllyP
1656,Lucilu
1657,Sfisher
1658,Elegirl07
1659,Gqlal
1660,esanch31
1661,kennyman
1662,Kpkp79
1663,Kaya
1664,Lelandro
1665,AudioFan
1666,ThatFriendWhoAsked
1667,JENTIN
1668,Allison
1669,Suzy
1670,Bigapple
1671,Wiggles
1672,GEM310
1673,rayray
1674,DMan
1675,Essie
1676,sg77
1677,Ou812
1678,Darius
1679,Blondie
1680,TeejSC
1681,Sunny
1682,LabCab
1683,Paul
1684,Toddler
1685,Shelley
1686,danyturco
1687,lous
1688,DustinS
1689,Dori
1690,Rat1m
1691,Oneerc
1692,Meb1
1693,rushfan1
1694,panzeke
1695,Toshalee
1696,jason
1697,DarlingGrandkids11
1698,julyfly
1699,Azjeff4545
1700,ramita
1701,Bradley
1702,Deyaan
1703,Pegs
1704,bobe55
1705,Marge
1706,Kellas
1707,BBBOB
1708,Wawa
1709,Lala
1710,Deyanklow
1711,Nortstar
1712,Timmy
1713,Ledge
1714,Lkoppel
1715,lemi
1716,floridapete
1717,1818
1718,maggie
1719,TabletUser
1720,Aleek
1721,babz66
1722,HappyCustomer
1723,BKBEMTP
1724,kkai
1725,anita
1726,Anonymous
1727,JCD1
1728,Notsotechie
1729,Tilreeves
1730,hank
1731,Beech
1732,xspecialforces
1733,EliseC
1734,Amazon
1735,randy1154
1736,Cocopuff
1737,HLN500
1738,Adam
1739,SuzanneN
1740,Momof3
1741,Nana
1742,ckpatx
1743,Zerafin
1744,Joey
1745,Pink
1746,Butterfly
1747,Amstel
1748,Mike77
1749,badgerdog
1750,Bryan
1751,betty883
1752,Miskatonic
1753,CeeCee
1754,Solo10
1755,Scogar
1756,Janfer
1757,John7781
1758,Kayjay
1759,Smsanchez1213
1760,suzeqh
1761,Markw
1762,Gingyd
1763,Tjmere
1764,ERoc
1765,Jimmy
1766,Rtorrento
1767,MattB
1768,case013
1769,MICPRN
1770,Teder
1771,jedkon1
1772,Monte
1773,jtloov
1774,KaySoIn
1775,TylerPS
1776,Squirrel
1777,Phintz007
1778,Sweet
1779,slgtr1
1780,Schuesgirl2
1781,AnnieBananie
1782,klett
1783,Taylormade
1784,Jax5689
1785,Tfish
1786,marco
1787,Plucky
1788,Terri
1789,Cgjs
1790,masonboy
1791,MonLaRose
1792,BigD
1793,Robin
1794,Mommysilver
1795,Fitzi
1796,Yesman
1797,Matty
1798,TAT4
1799,Themasterpiece
1800,RickR
1801,DJPB
1802,plooky
1803,Pumpkin
1804,Pmaxie
1805,Kobe
1806,Maximus
1807,Mgates
1808,2happy2222
1809,Yash
1810,TeamTecmoBowl
1811,Deemeg
1812,Hargrave
1813,Rickster
1814,Debm05
1815,bill
1816,ellisonh
1817,SoldBytech
1818,Shorty
1819,LizzyMae
1820,Intheknow
1821,Skull
1822,sherrybelle
1823,jimtech
1824,Rayg
1825,JoyL
1826,Baddog
1827,Davek
1828,drollins431
1829,Pbblue
1830,TCbo
1831,DRMC
1832,Palmor
1833,Lilshorty917
1834,Techsavy
1835,MrTony
1836,SGATE
1837,aly102
1838,NateDogg
1839,Nibbler
1840,lito
1841,TechyHome
1842,Gary
1843,MomfromTexas
1844,Jared
1845,Zariiyah
1846,Jordan
1847,Corey12345
1848,SW8442
1849,Melikey
1850,Jimbo
1851,awsm
1852,Topher
1853,Shane
1854,vskroo
1855,bejezus
1856,TRLPEACH
1857,pogy
1858,Slikie
1859,RanStan
1860,Zanthrin
1861,1612
1862,8598
1863,Aunt
1864,mimi
1865,Irishannie
1866,frank
1867,Shopper
1868,Hello
1869,Desperado
1870,TomP
1871,akilanmc
1872,BigPurple
1873,Jacque
1874,Invest1
1875,Mama
1876,Simone
1877,pewterz
1878,Nikvt
1879,mojoworking
1880,Texassue
1881,MamaP
1882,Itsy
1883,Becky
1884,merafa
1885,jackie
1886,Poppycjb
1887,TracyBCOBruin
1888,Blackfridayking
1889,Griff5001
1890,nanpuf
1891,rickyvic
1892,Buck
1893,dandandan
1894,Captsky
1895,dmod
1896,Minena
1897,MVPsDad
1898,zane1222
1899,Dee51
1900,Fenn0316
1901,sully81785
1902,Weiser
1903,clownfishguy
1904,Leelipp
1905,ChiKali
1906,Bambino
1907,LeeLee
1908,wyodog
1909,phyther
1910,Clint
1911,Anton
1912,dm94101
1913,mybestbuy
1914,Yvette
1915,Crazy02
1916,Breezy
1917,meme
1918,Tacopaco
1919,loug
1920,coldsteel07
1921,Karen
1922,Nachos
1923,Skyline
1924,Twerkd
1925,Nerv2014
1926,CJEFF
1927,GrammyTeapot
1928,texas21944
1929,JerryA
1930,William
1931,Kindle
1932,Shelly
1933,Otterboxbuyer
1934,ycart
1935,Tattooedindian
1936,Aiden
1937,Cubfan
1938,BEN1
1939,Donnie
1940,Welsh
1941,nteku
1942,Jake
1943,Matthew
1944,Tmp24
1945,Knight
1946,Nastasiya
1947,mkbremom
1948,Dshopper8
1949,Desertedwarvet
1950,Twin
1951,Chavez
1952,Bean
1953,Vinny61
1954,BB13
1955,Dail67
1956,Tori
1957,sdecaf
1958,Acidburn1
1959,ThatGuy
1960,katte
1961,Sally
1962,pammy
1963,WallyWorld
1964,Pearlie
1965,SidSoman
1966,lAnneP
1967,Minnie
1968,Bubba62
1969,Romeguy
1970,SamTheCustomer
1971,Robe12
1972,cnicole114810
1973,Atwilliam
1974,JoeSa
1975,nvcop
1976,Happy
1977,Urban
1978,Rav4
1979,ShareBear11
1980,Wiggle14
1981,jimr757
1982,ljbinion
1983,Tam77
1984,Bernice
1985,Hugh
1986,Jodyc
1987,Ricardo1agui
1988,860eagle
1989,mamengineer
1990,edmr
1991,Julie
1992,Mijenx
1993,Lucy
1994,Gwyndolyn
1995,Kithzeez
1996,carm
1997,Sweetflower
1998,EDrive
1999,Katzmews
2000,Buzzybee
2001,BongSaw
2002,Marken
2003,Zeek1106
2004,jfishy112
2005,RBares
2006,mintoo
2007,Eswole
2008,ladylove
2009,Reviewerjay
2010,Goober
2011,Cuevas
2012,Nano
2013,okrednekgal
2014,RAMTOO
2015,kimmy
2016,RayVM
2017,Praline
2018,sticky
2019,Stevmathew
2020,jomamma
2021,Best
2022,MrPhilTX
2023,Ajay
2024,RobbieRob
2025,Hawknbyrd
2026,Slyguy1
2027,ikkicole
2028,TaylorB
2029,Michelle
2030,Aidans
2031,Pewdewiepie
2032,mao1
2033,crabbyostrich
2034,Ohellknow
2035,LauraC
2036,Berto
2037,Nathan
2038,Billy
2039,Finicky
2040,RJKK
2041,Dranktheapplejuice
2042,Maze209
2043,Cobber
2044,Sawicky
2045,DaveGS
2046,Bernie
2047,MTH51
2048,Momof5
2049,Paco77
2050,Mis12
2051,mrchuck
2052,Flowermom
2053,jennieb1
2054,MC333
2055,Sml11311
2056,Rock
2057,Louavulmike
2058,Muncy
2059,Faithfy
2060,Larry123
2061,char4
2062,Lauri
2063,noname
2064,bdore1
2065,Jimp
2066,Harley
2067,Karrush
2068,bpapa24
2069,omers
2070,Darcy
2071,Cleanbuddha
2072,bobz
2073,Raiderrulz
2074,Princess
2075,DARREN
2076,usbuser128gb
2077,luiscueva
2078,RCollins912
2079,DanieJack
2080,Migies
2081,PJOS
2082,Xaso
2083,Mytwoboyz25
2084,flexorcist
2085,Tami2102
2086,androo
2087,Mom94
2088,DMS13
2089,Brandi
2090,chi511
2091,gdallen58
2092,Erin
2093,Ajia
2094,BreakfastClub
2095,ForeverAChicagoCubsFan
2096,Joe N
2097,Krissyliz
2098,Smroward
2099,Tygerz
2100,MAslp
2101,Gabigale1
2102,Floridamom
2103,AnandPatel
2104,Kml001983
2105,BobL
2106,Sharky
2107,DL1976
2108,22Tronic
2109,txchauffeurmom
2110,Navi
2111,Customer
2112,kimmie
2113,Revverend
2114,Mrbilly
2115,GARY
2116,Pjoann
2117,gorzalskism
2118,Roby
2119,Suppy1020
2120,santon
2121,exorcist
2122,Patransa
2123,Chio
2124,Txmama
2125,WayneEnterprises
2126,Esflor
2127,rktwrench
2128,Aubbeyschell
2129,BillyC
2130,Ollie
2131,jbarrmac
2132,GrayMark
2133,FanofBestBuy
2134,MiamiNacho
2135,cyborg1701d
2136,Tlapee
2137,nemi
2138,SurfingJohn
2139,Firekindle
2140,peaches43
2141,user
2142,Chiron
2143,JDogg
2144,Goomba
2145,marie03801
2146,Epoks
2147,TerBer
2148,wcy405100
2149,opsmgr3774
2150,JoJo
2151,Buckos69
2152,Michael1412
2153,Sparky742
2154,Bernard
2155,Jenn
2156,DonEH
2157,Gwalk96
2158,PopPopPoppingCorn
2159,MikeG
2160,Travo
2161,Samantha
2162,Ninojoda
2163,Shise
2164,Dani
2165,Mosh
2166,mwright286
2167,Denali08
2168,Bucktrack0
2169,MaDukes
2170,JJJJ
2171,Hikjer
2172,EDNA
2173,Theresa
2174,Elle
2175,June
2176,Gma48
2177,Tfisher
2178,Rafiq
2179,MGilmer
2180,DukeofCL
2181,Erik
2182,Ice73
2183,MrsB21
2184,Aria
2185,JamesBondFan
2186,auntscrappie
2187,MJ1234
2188,harley110aniversary
2189,DLC320
2190,Precious
2191,Maxe20
2192,Hank
2193,1244
2194,higear
2195,Curlygirl
2196,Carn
2197,haiisenberg
2198,Gurkha
2199,Roel
2200,mespin09
2201,Curlys
2202,Maroo
2203,grace
2204,reality1373
2205,Gofish28
2206,Lindy
2207,JordanL
2208,Jen58
2209,CoreyD99
2210,Ivanhoe
2211,dicksquared
2212,Avalencia1285
2213,Harringsh1
2214,keemakitty
2215,lntr4550
2216,Holycow
2217,bmthall
2218,bball
2219,Ralph
2220,rickh1235
2221,mother
2222,Josh0526
2223,Bones
2224,vern
2225,Becca
2226,Katie1117
2227,Jeremen344
2228,Hilts65
2229,Lshaft1
2230,NTKramer
2231,VICKIW
2232,RCLSU
2233,sub12
2234,oldandretired
2235,Janderson10
2236,Angel
2237,Gifter
2238,luna
2239,Shun
2240,Cathy
2241,ChrisS26
2242,dysj
2243,Carolyn1940
2244,Kashtown
2245,Yesh
2246,Iriss
2247,Pootiewoot
2248,Fretzilla
2249,8910Persons
2250,MartinMom
2251,malabrot
2252,Frankie
2253,rosakolb
2254,JenniferLNM
2255,Edixon206
2256,Bruce
2257,Peler
2258,Kessenwt
2259,Jrsmith
2260,MickeytheMetMan
2261,Bubbles
2262,Dick
2263,Kary
2264,HappyShopper
2265,MDCthatsme
2266,Kingoftheworld
2267,techpad42
2268,Ellen
2269,Bkemtp
2270,jdub
2271,mitch22622
2272,Ceejo
2273,Gio07
2274,erockmon
2275,tctapes
2276,Jmoney
2277,Gregschaub05
2278,CsMe
2279,Britta
2280,GrandpaJim
2281,Jo55
2282,Sexykitty2014
2283,Sig20guy
2284,drdread
2285,KEW68
2286,bobbyworld
2287,Asif
2288,JACV
2289,Dmonroy82
2290,Mabi52004
2291,Jrb1
2292,Ashman
2293,Walt
2294,Jessa
2295,MC4450
2296,maryann
2297,Iavn1
2298,CameroJim
2299,RoseB
2300,Butterfingers
2301,PutnamD
2302,Lessingboy
2303,dnkhanson
2304,BlackOrpheus68
2305,kingandmuvasworld
2306,Sam318
2307,fubarcrs
2308,Asmith3
2309,Amlitt4
2310,Trice
2311,adeline2010us
2312,businessman53
2313,Cora
2314,Artstar
2315,shop12
2316,Angelina
2317,Aguirre
2318,Laserbeak
2319,SouthStreet
2320,STEVEO
2321,Coupe
2322,Dgreat
2323,mysttribe
2324,music2015
2325,rchat
2326,BigMac
2327,Bigboy
2328,protector1
2329,missy
2330,kcladyz
2331,Mario
2332,Mtbike
2333,Tucka
2334,arghe11282
2335,chimmychinchin
2336,Lintor
2337,TimothyDon
2338,ucantcme69
2339,Stir33
2340,frheel9
2341,MrsO
2342,Packermn8
2343,JimA
2344,Tricky
2345,Gator
2346,Savara
2347,Drjim
2348,Writer
2349,Gorjusmom
2350,Mitchy
2351,Denis
2352,Jami
2353,Renne
2354,One2free
2355,genius
2356,MaxWitherspoon
2357,DoubleD
2358,Czrgarcia
2359,QueenT
2360,PJWSTKTN
2361,ereaderreader
2362,ECarp
2363,Sonny
2364,Neat12
2365,Justme
2366,Spike
2367,confusedmama
2368,KEBB
2369,Lizs
2370,shopper
2371,Stan
2372,mello
2373,Orgjuice
2374,Alan
2375,RobDrob
2376,Nanaof5
2377,recruiter89
2378,katie
2379,eco2010
2380,ROC1
2381,lossotos4
2382,Fran
2383,Vegas
2384,Jimfox45
2385,Teddi
2386,Odogg
2387,Selk
2388,tutii
2389,Frank1400
2390,Kngovert
2391,bworth37
2392,MakenaBeach42
2393,Sandy
2394,Alex
2395,drs23
2396,LBay
2397,Brathead
2398,Sass2050
2399,Momof2
2400,MikeNof
2401,Tjsteward
2402,shorty
2403,ThisFord
2404,fasteddiek
2405,Ace1
2406,GloB
2407,Fredd
2408,Bubslady
2409,Karrie
2410,R2D2C3PO
2411,Siv121
2412,DodgeDart920
2413,Chillypr
2414,Jpk1
2415,GOBstopper
2416,ars9s
2417,techlady14
2418,Dexterpie
2419,Aisha
2420,Kelley
2421,LexieCrews
2422,Melody
2423,Steelhouse11
2424,SummerDay
2425,Dolfan
2426,JayChiTown
2427,April
2428,NJS
2429,peaches1
2430,Jtdt
2431,Nonnie
2432,Soccermom
2433,lexa
2434,eman2003
2435,Cath
2436,Tyree
2437,Jess
2438,EDixon
2439,Ozzie
2440,Phil
2441,Boopette
2442,MeeMee
2443,Hime1
2444,dckrc
2445,davidjacobs21
2446,Goodgame
2447,JeremyRem
2448,8856
2449,Kimw
2450,Edysel
2451,Obrad
2452,Hermosa
2453,Boss
2454,Holly
2455,Ashish
2456,DebraPants
2457,TeaKae
2458,FDJBuyer
2459,chloe
2460,Kid7735
2461,KayP
2462,Nursetel75
2463,gramma
2464,OD3877
2465,Ballerina
2466,tankbuster39
2467,Chuck
2468,TarheelPhil
2469,Maryann
2470,tiger
2471,rys1981
2472,BPh1
2473,Evan
2474,Shadow1966
2475,Elizabeth
2476,Nevaeh
2477,QOE620
2478,AlliP
2479,Skeet
2480,Papaw
2481,jcarrio
2482,Tnay
2483,Cheri
2484,Fredy1
2485,fire
2486,sfd55
2487,ThisClickAintFree
2488,tsh2
2489,KrissMG
2490,Tazman
2491,MRsinc3r3
2492,Kush
2493,bobkinaz
2494,Shanda
2495,Gamer
2496,Eric
2497,Arpit
2498,rollaroundman
2499,sunny
2500,Medicangel
2501,KatNat
2502,Tina
2503,NateSoliz
2504,Retired2010
2505,Lamchop
2506,bob2531
2507,fotobug224
2508,JEM58
2509,Chris201
2510,Subob
2511,Rajj
2512,JHAZ
2513,Jags
2514,Tamousku
2515,GeminiBrenda
2516,TACO
2517,JusGellin
2518,Troutbum
2519,Jobie
2520,mattb
2521,Loomis
2522,Catelyn
2523,coolcat
2524,Albert
2525,TTex
2526,Stew
2527,Mason
2528,str4920
2529,eagles4001
2530,Nash
2531,Phobia3000
2532,thatwasfun
2533,karue
2534,roka318
2535,MilesMommy
2536,Diana
2537,luvelectroniks
2538,Shep
2539,Mleg
2540,Sassy
2541,camelrider
2542,Hoss
2543,Rickgelo
2544,Birdman
2545,2112
2546,DANI
2547,DebG11
2548,Fishnan10
2549,Drej1785
2550,maximilian
2551,Neencat
2552,Onyx
2553,2k4k
2554,Faye
2555,smellthemallair
2556,chyoung
2557,semojr
2558,DannyC
2559,Concert
2560,Kld653
2561,Sunnygirl20
2562,SDgeek
2563,Steve
2564,Parklander
2565,KilpatrickRed
2566,chmiss
2567,jerseygirl
2568,Dink
2569,HEATHER
2570,Kev
2571,uxotech
2572,Venti
2573,shane
2574,REKissimmee98
2575,Compwhiz1313
2576,Meman220
2577,hulio5
2578,Jaes
2579,Jeckle
2580,Shire
2581,Angelsobe
2582,Cubsin2016
2583,Lesliet3
2584,TRMTCB
2585,Mtlugoff
2586,Readerman
2587,JP315
2588,zimm
2589,Heating101
2590,birdsonabat
2591,GamersMom
2592,jen53
2593,tommyboy
2594,Scott
2595,Mrjoe
2596,Williams
2597,Boymom
2598,Iceberg
2599,Aurelio77
2600,Streetglide
2601,toeka
2602,Francis
2603,botno
2604,Photos
2605,Wonderful
2606,Jgp1
2607,John
2608,DoubleH
2609,Michi
2610,Anacortes
2611,TinaV6201
2612,psychostud
2613,Jam24
2614,Lyss
2615,buddah1
2616,Farney
2617,kals
2618,cubiebear6
2619,bart
2620,Caskade
2621,Stevarino
2622,BlindSeer
2623,Rich
2624,Melcuermba
2625,Munger
2626,Sparky4
2627,schmoozer
2628,Alwaysbl1nk
2629,LazyParent
2630,Sadiee
2631,guiz
2632,silverwhop
2633,nickname
2634,Shak
2635,PreacherMike
2636,Ranky
2637,ZIGEPS
2638,BahaPDX
2639,Gordon
2640,Krmjjb
2641,Cameraguy
2642,Fizz
2643,jstac
2644,Tazmin
2645,Mamsan5
2646,Skonrad
2647,blondie
2648,Tongtong
2649,Coach
2650,jesusmta
2651,lvmydog
2652,Leroi7
2653,Djoyner
2654,Sinkr
2655,steve
2656,WhoMe
2657,Pigtownereject
2658,Keekee
2659,JayPeck
2660,Selina
2661,Parcoin2
2662,BajanPrincess
2663,Sully2
2664,ZIUK
2665,DanPA
2666,Fastalker
2667,Sherell
2668,DPC3
2669,madrid
2670,Akrin
2671,Mandu
2672,Kmlfgi
2673,peggy
2674,Johnamartin
2675,Tdobby13
2676,LovingLola
2677,STRIPYGOOSE
2678,Judy
2679,Ktee
2680,wildflower
2681,MRCQ
2682,Usher
2683,kcoe
2684,Kat16
2685,Alky
2686,PhilKG
2687,Jayhawker
2688,PackAttack
2689,jpjp
2690,BigEd
2691,Staticmem
2692,Jigs
2693,LadyD
2694,christina10
2695,WINDY
2696,Pumkin81
2697,Kindle4Mom
2698,Molly
2699,marinemom
2700,Johnny01
2701,danny
2702,Bouncer
2703,Maaroo
2704,maria
2705,sherry3
2706,Brew
2707,HondaVtec
2708,Patty60
2709,nice
2710,filter
2711,AceZ7
2712,MotivRud
2713,engineers4eletronics
2714,HVAChelp
2715,Daniel
2716,KGaines
2717,davood01
2718,Awesome55544
2719,Turtle
2720,Rosario
2721,richmond282
2722,Sluggo2013
2723,Larry
2724,RudiP
2725,Nickster19
2726,lucid417
2727,jkc107
2728,Johnnie
2729,eurob
2730,Bamboo
2731,divapb
2732,btdpi
2733,Jaker1
2734,JMJ6
2735,Mom2boys
2736,teresajohns
2737,MotherOf4
2738,mavial
2739,teddybear
2740,makamaka
2741,Teanna
2742,Toys2016
2743,GANESH
2744,Dap69
2745,Bryguy
2746,Jimfrazier
2747,TribeFan
2748,Bekah
2749,cas23
2750,Edmond
2751,apple
2752,DynaMan
2753,NICK
2754,ProudDad
2755,Yani
2756,BestBuyJM
2757,Caiya
2758,bigislandwave
2759,Lot49
2760,wallymich
2761,Holmes
2762,CoCo
2763,gene
2764,Mar-99
2765,SoggySandwich
2766,Hne2005
2767,Hunternels
2768,Lindac
2769,PT53226
2770,myfit2015
2771,Rudy
2772,Sweet17
2773,Chase
2774,S2000CR
2775,BMAN
2776,nan2016
2777,Plt1
2778,devinhenkel
2779,Olds442
2780,Cincy05
2781,kdla
2782,candy
2783,mommamia
2784,KeepItSimple
2785,DivaDeb
2786,Bobb
2787,Turtle1
2788,TechSenior
2789,Ventura
2790,kashdollars
2791,Tina313
2792,TechGuy
2793,Taylors
2794,Jvier
2795,Suzmox
2796,Daptek
2797,Pammy
2798,yespicklejuiceisgood
2799,Kleber
2800,Oldmangamer
2801,Townes2
2802,JohnA
2803,anil
2804,minnow
2805,OBWon
2806,CellPhoneGuy
2807,elsa
2808,Kim3
2809,TerriD
2810,Cricket
2811,w8261
2812,Johnboywalt
2813,Doug
2814,Nanna
2815,Reviewer
2816,Domoto
2817,Rick
2818,bestguy
2819,Jimfirstname
2820,fungus42
2821,tasmin
2822,techy
2823,icemike1975
2824,BagelBytes
2825,Gma5
2826,Curtorim
2827,PCTech
2828,WaMoo
2829,dinog
2830,Lynne134
2831,Mickey1960
2832,Sgard
2833,Sthom025
2834,LisaCT
2835,rstan5121
2836,rajkiran
2837,RaySeattle
2838,Miggie213
2839,ForzaGamer
2840,Beni
2841,Shoosh76
2842,Sirlucas4
2843,Chartholomew
2844,Carl
2845,DS47
2846,JTShep
2847,jayfrombk
2848,Alaska
2849,AEBY
2850,adedios
2851,wdeanna48
2852,irratated
2853,Value6
2854,reviewer
2855,Yomo
2856,JIMMY47
2857,AuntieV
2858,Ninjarob
2859,Glock26
2860,Juanita
2861,Peacockmorgan
2862,ckl221
2863,Jinn
2864,Rick1101
2865,brolly4
2866,Freebap36
2867,Delver1
2868,jjljrsc
2869,Jada
2870,peoplebang
2871,Jc2221
2872,Pritha
2873,kpartipilo
2874,pblee54
2875,johnjohn
2876,Eye1ulost
2877,Natalie
2878,MajicMike
2879,Gameon
2880,Splorticus
2881,Mylove
2882,Melissa0414
2883,candysreview
2884,Glorybound
2885,ChrisP
2886,Saejosh
2887,Jsanchez
2888,Roscoe2365
2889,katgranite
2890,Scooby2
2891,BobbyG
2892,aspen
2893,Zigpig
2894,N1BBcustomer
2895,SpeakerFreak
2896,happyuser
2897,TVGuy83
2898,Pat91
2899,AMA2
2900,Crod
2901,jblank
2902,richard
2903,Hosebag22
2904,collisionadvice
2905,ladydee71
2906,DJof4
2907,Meme
2908,Soundguy
2909,Thisguy
2910,Picky
2911,kmat
2912,Ericka
2913,AnthonyZ
2914,Deanna58
2915,POE714
2916,Kris1990
2917,TXphotog
2918,Nurse86
2919,Videoman
2920,Ipadjunkie
2921,WDExternaldrive
2922,JRDD
2923,Zlady
2924,DHPT
2925,Justin
2926,bullyboo
2927,link
2928,Sambuy87
2929,jtphxguy
2930,RickyBobby
2931,SpencerG
2932,Bbillie
2933,natm
2934,Tbgixxer
2935,PattiK
2936,Rosie
2937,Russell
2938,mk1310
2939,Eddie
2940,Retired210
2941,Psychobilly
2942,Yoli91
2943,Mandy
2944,Erinnicole94
2945,Hexrex
2946,tinapais
2947,Kelly
2948,Jazthepanda
2949,papa
2950,Twinla
2951,Kimmy
2952,Alyson
2953,Ernie
2954,SMAC
2955,Waterski1
2956,st2005
2957,Edw213
2958,Shizzam
2959,Rittir
2960,Golf
2961,Naomi
2962,beaukeen
2963,whatnext10
2964,Superuser37
2965,MovieDad
2966,Antk
2967,KTinthe301
2968,docw
2969,jjg01
2970,Amandalee2317
2971,Redtop
2972,Alexalover
2973,Tabl
2974,Jusandy25
2975,Petemoll
2976,llyyue
2977,Pauline
2978,Sean242
2979,Juligvkm
2980,Shays115
2981,Ccrain
2982,SisterShoppers
2983,Cass
2984,carebear
2985,JMSD
2986,trussit
2987,Mona
2988,BestBuyer
2989,Toad
2990,Melanie
2991,cabbagecade
2992,Jari16
2993,patn
2994,flashk
2995,BestShane
2996,MrWatts
2997,gamerbot
2998,ddOH
2999,PG13
3000,angel
3001,10100915
3002,Jinxy
3003,callitlikeiseeit
3004,LobosFam
3005,SurfacePro2
3006,Yoshi
3007,Stoney
3008,Will
3009,OldDude
3010,jlong
3011,Kika
3012,Vikash
3013,Mawmaw
3014,Coco
3015,discwizard70
3016,pneks2001
3017,libby
3018,MichaelHicksinPA
3019,Dawn
3020,Antiseir
3021,Marceloecalderon
3022,BestBuyUser
3023,Fred0149
3024,Augieh
3025,RobertT
3026,Maxi
3027,Superfoxusa
3028,Grandpa
3029,lizyinmt
3030,darkangel1010
3031,lukasj94
3032,Mollie
3033,KyloDen
3034,Veebee
3035,tifnbil
3036,JessE
3037,jazzy
3038,Lecale
3039,Bears4710
3040,Bluedog101
3041,Vadher4799
3042,AB79
3043,Chubbs
3044,Jules
3045,Davesmith82
3046,Socks1971
3047,Agarcia
3048,Shashi
3049,papalunchick
3050,CheapyD
3051,Milkman
3052,Wife
3053,TRae
3054,parizork
3055,Randy2
3056,David
3057,DaveinKansas
3058,AZ23b
3059,Mrsandymcclure
3060,Mainesnow
3061,1deville
3062,Scottschub
3063,viejo1973
3064,Samojus
3065,7722
3066,MrMig
3067,Johnny
3068,Plas
3069,BUDMAN
3070,Maria
3071,AdamT
3072,neon
3073,TabletQueen
3074,dbaron
3075,Dqueen
3076,Allen
3077,tannDaClam
3078,JonM1102
3079,BowHunter
3080,MrMac
3081,tom62
3082,senna5309
3083,MsChay
3084,Zoey
3085,techappreciator
3086,Harley78
3087,Sygaco
3088,Flash
3089,Jnev
3090,itsallme
3091,yagga
3092,Vinnie
3093,Lemm
3094,Jasonc71
3095,Ozzym
3096,LindaK
3097,Allie
3098,Sheila
3099,GodFreeXChoice
3100,Foxie
3101,Norman
3102,needabreak
3103,Jmac
3104,jethro
3105,Dackson
3106,ark12131
3107,Stacaw
3108,Kstategirl
3109,Manofsteel
3110,Marty2016
3111,HSTulsa
3112,gates
3113,Binx
3114,Jmarie
3115,Edub71
3116,Darjon
3117,Juicy302
3118,Sevyn
3119,TLMart
3120,Tigger
3121,scottlimpus
3122,Tonyxhalo
3123,Moose
3124,bondmom
3125,icanjp
3126,Lisdawnmag
3127,Cornell
3128,Coop
3129,jawz
3130,GwenG
3131,Lion1
3132,00JK
3133,EileenM
3134,cantuc
3135,MimiBabygirl
3136,cjsoto2
3137,Raulie21
3138,Sllysmly
3139,Mateo
3140,Susana
3141,Amanda83024
3142,sunbonnet
3143,paul
3144,bjenk
3145,MrsT
3146,Likrockdiesel
3147,Howie
3148,Isk5
3149,Kentuckygirl
3150,Lyns
3151,Momomorrell
3152,Mom398
3153,reader
3154,Hellswife
3155,KrisK
3156,Boomerchick
3157,Meisje
3158,jjef
3159,Ryan
3160,DryerThanBefore
3161,Pdavis
3162,BBuser
3163,Arun
3164,MartiAn
3165,BigBen12
3166,Bemis
3167,DowntownBrown
3168,monkey
3169,Loop
3170,Joestixx
3171,Debra
3172,Tapmethis
3173,Geena
3174,Smurf
3175,FINKEL
3176,Mark
3177,JeffW
3178,Hillpark
3179,canman39
3180,Deb1958
3181,Mikeh
3182,Dwill
3183,Dakotaice
3184,watchtimer100
3185,Steve2111
3186,My5joys
3187,Speeedy16
3188,Rhino
3189,Dottie
3190,itsme303
3191,drd1
3192,Song
3193,joe1129
3194,bhrr
3195,Jazyjay
3196,benjamin
3197,Elaine
3198,rainypages
3199,MamaDee
3200,Ritch
3201,TxnPwrBeard
3202,LoganB
3203,Madden6777
3204,Mags
3205,Dave
3206,DNIS37
3207,Jkool1
3208,Leonard
3209,jmcfarli
3210,guest
3211,Puglover
3212,Terry57
3213,TechLover
3214,dsievers
3215,rocknrolljessie
3216,Frank
3217,Supahfree
3218,smurf1960
3219,austin512
3220,kittymama
3221,Rdeleon
3222,Fatboy13
3223,Celli52
3224,KBuyer
3225,CHeil402
3226,Grannyt
3227,Willow
3228,Chacha
3229,misterharley
3230,silverbullet64
3231,clc4912
3232,gigla
3233,Petey1145
3234,Susan
3235,CitizenOfTheWorld
3236,Shae
3237,Sammi
3238,Tom17004
3239,bmarino18
3240,javajenny2k
3241,Lester
3242,Woody
3243,IHEARTsxm
3244,Sasa
3245,BuckS
3246,Max1
3247,Italianqueen33
3248,MissJanetLee
3249,BULLETBOB
3250,Nette
3251,Babylon
3252,gloria
3253,Victor
3254,PokeyTshirts
3255,RonsElectronicSales
3256,Toddy
3257,NCGuy
3258,tabman
3259,Caije04
3260,Dsspeaks
3261,Bigal658
3262,Rosiel83
3263,Scangen
3264,Bigfoot
3265,smoothrider12345678
3266,Prelude428
3267,twins
3268,EmptyLogic
3269,Daveed
3270,ChicoMalo2
3271,BuddyBoy
3272,Parrish6K
3273,Fiero
3274,FrequentCustomer
3275,Pagnmickie
3276,fatpants
3277,Randana
3278,Buckeye
3279,CCSLC
3280,Daddyoh
3281,Brian
3282,bestimpressionz
3283,Lm2000
3284,robz
3285,Lumpy
3286,STEF
3287,Pick
3288,treehuggnmom
3289,Harbusyone
3290,Lanette
3291,Jorge6541
3292,ToyGrandad
3293,4MySis
3294,JBD1127
3295,Nanou
3296,Marykenfmc
3297,Anna
3298,Charlierose99
3299,MissouriGirl
3300,Patty
3301,Annita
3302,ianmckaye
3303,mayra0484
3304,soldado1
3305,alderave1
3306,VirginiaSlim
3307,rpspider
3308,Gloria
3309,WKKA
3310,Janet
3311,Tricey
3312,katieful
3313,Okraman
3314,Dolphinfan
3315,Ynot
3316,Riri
3317,hags
3318,PUPPY
3319,ccdriver1099
3320,RugbyRef
3321,StarWars3DGeek
3322,Peterg
3323,Ana778941352
3324,X0rachel89
3325,TerryB
3326,anferni671
3327,jeopcon69
3328,Kay102
3329,Heather
3330,Hilti
3331,VinnieH
3332,Wolf
3333,ladystix
3334,Ampy
3335,jacoba
3336,Monic
3337,edrianjude
3338,gman
3339,Charmi
3340,KACI
3341,ochy
3342,photodog
3343,TheoG
3344,Preeb
3345,TommytgeKid1967
3346,ylmurph
3347,Factchecker
3348,Burnsfly
3349,Tanya
3350,WifiExpander
3351,eldog52
3352,Gunni
3353,Allan
3354,Ranae
3355,Wendy
3356,Jane17
3357,Cindy
3358,MNUser
3359,jacks
3360,mugbug
3361,Tee9
3362,Juanitoalvarez
3363,diamond
3364,Nube
3365,Olivia
3366,Wazzie65
3367,MSum
3368,cableguy513
3369,Fred
3370,PeteMcG
3371,Markie
3372,Laroccs
3373,Ninja
3374,cslaght67
3375,Porsha85
3376,1-Apr
3377,jewel2
3378,metalbabe81
3379,Mara77
3380,Krista
3381,Simple
3382,JackieG
3383,Tito
3384,natgeo
3385,judyp14
3386,missramsey
3387,Starr
3388,merry
3389,Abbey
3390,JM808
3391,busybee
3392,ThatRandomReviewer
3393,BobVila
3394,cggirl
3395,Kenneth
3396,sheri
3397,Boffin
3398,Marland
3399,Elvis
3400,billy
3401,MDeezyH2
3402,Dave3635
3403,LDPM
3404,Julds
3405,Carolyn
3406,Kath
3407,rick
3408,jmhenry
3409,grock2727
3410,Pita
3411,Kurt
3412,Pross
3413,Tuowls
3414,PaulS
3415,Ginger
3416,Avaluv
3417,latinistra
3418,Acullen
3419,anneray
3420,Jvav
3421,BeeRocker
3422,lp77
3423,mike17
3424,Ronny
3425,Spuds
3426,Yopepe
3427,Scooby423
3428,beth
3429,Hoody114
3430,Reader
3431,Duillaith
3432,Jill
3433,Curdy
3434,Greatdayne
3435,melni
3436,laffy
3437,Negrosylar619
3438,Nancy
3439,bhm22mc
3440,TJay
3441,Xander
3442,boste03
3443,Joeschmo
3444,Iceman
3445,Quiltslady
3446,Zumbaqueen
3447,Bbshop
3448,Jslu
3449,Poohbear55
3450,Murphy
3451,buttercup
3452,Manny
3453,tcl617
3454,Lng10
3455,rich936
3456,teska
3457,MrDX
3458,Meche
3459,SamtheSham
3460,Biebs
3461,C0x0ash
3462,Gadget
3463,samboo
3464,Brigettewilliams40
3465,Cherbear
3466,mikey68
3467,Speedy98
3468,LillyMiami
3469,jeff
3470,PN123
3471,Girl10
3472,Amanda
3473,Gomogomo
3474,Tessa
3475,RealLifePrincessMommaOf3
3476,bpackman
3477,Turbo
3478,poorteacher
3479,Rickyvic
3480,JOHNNYWHO
3481,grannybear
3482,Lydjya
3483,Skip
3484,Amazonqueen
3485,LADYD92
3486,Ksmith07
3487,Jay2017
3488,jdub2857
3489,SkyWatcher
3490,Christy
3491,bullwinkle175
3492,bobby
3493,Jmackcr
3494,zRoyals
3495,nicole
3496,kcfla
3497,BigSky
3498,Joan1989
3499,kingpcb
3500,Animal51
3501,Darque
3502,Brenda
3503,Geek
3504,JLew133
3505,jediliz
3506,Trentendo
3507,Matt
3508,Kennymac
3509,Rick07
3510,Elnolo13
3511,cookie1982
3512,Manuelm
3513,Devmack11
3514,Prose
3515,LuanneKM
3516,ANdy
3517,roxxx
3518,magnoliacorner
3519,Jodi
3520,Bri1234
3521,Boochie1
3522,CoolMom
3523,Msvlm05
3524,DHBvilleIN
3525,Watch
3526,Bill
3527,gdionne98
3528,Edie
3529,beejay
3530,MTR81
3531,Decider
3532,das75
3533,Jessica
3534,122651
3535,247mom
3536,BillyD
3537,Sean5421
3538,Bookmdanno
3539,Gobucks13
3540,TheBear
3541,Kimber
3542,Natty
3543,Melissa
3544,KatsTablet
3545,Teresatf3
3546,Blake
3547,Peppy
3548,Shutterbug
3549,Alberto
3550,bonnie
3551,Lizcommack
3552,Derek
3553,Noneya
3554,mydaycare
3555,bobalouie101
3556,WEWIII
3557,dspinpw
3558,Supercow56
3559,jlpd
3560,JRNOK
3561,Tmcar
3562,JustJen
3563,Pglmr
3564,Kuby
3565,TOPD6591
3566,Dazeedog
3567,Mia1
3568,KittyKat
3569,Grandma
3570,Zimmy
3571,PegAtTheBeach
3572,MonicaM
3573,Daman
3574,Want300
3575,DrG01
3576,Rme03
3577,kev723
3578,HowardF
3579,Loui
3580,Jorge
3581,Jovanna
3582,Tootsie
3583,pbrown
3584,Magckmn
3585,Zimmerman
3586,Guinn
3587,Willy
3588,Ladybutterfly
3589,Eliza
3590,jude70
3591,wheels
3592,ronlen
3593,Sunlover
3594,Moomoo
3595,Snowbunny
3596,Justblade
3597,TheCritic
3598,Tabitha
3599,DLynne
3600,mykeyee
3601,DaveF
3602,Meleck
3603,1985Taetx16
3604,Hamalton
3605,hiyasar
3606,tmbdoc28
3607,Khan
3608,Longmire34
3609,Leslie
3610,DadofBear
3611,Emad
3612,Madi1955
3613,Leigh
3614,Shawn
3615,Stephwilkes
3616,Cindy5150
3617,faceman
3618,Jsw225
3619,shaneb2017
3620,Augie
3621,volunteer73
3622,Iodine
3623,Scottlyn
3624,Skidd
3625,Barisch
3626,Tennisgal
3627,jcameron79
3628,kls6199
3629,mrmckay
3630,PFGFH
3631,StereoDJ
3632,Home
3633,Donna
3634,Kamale616
3635,Emilydub
3636,TheTAZ
3637,yokod
3638,davnor
3639,PAULY
3640,Easyeddie66
3641,panski
3642,evan
3643,emycase
3644,Cdragonsky
3645,Dropp
3646,Friend
3647,Jessie
3648,Slystone36
3649,SWR55
3650,Sirfern86
3651,sweets
3652,Hhcabinets
3653,Movieguy
3654,hotleggs
3655,MJMAC
3656,truckguru
3657,chi20
3658,PurpleRoz
3659,Susie
3660,lasmileysm
3661,BlueJeans
3662,G8rgrad98
3663,Steelerfan
3664,bsn6
3665,makedog
3666,nomad14
3667,AcidBobJ
3668,Weritabonita
3669,Carlo
3670,Kia06usmc
3671,Home1
3672,Juneplum67
3673,CrashPusher
3674,dmcgimpsey
3675,Mbeazy
3676,DanB
3677,rayhan
3678,Yazmin
3679,Bear
3680,WorstHello
3681,lonely
3682,tonychavez
3683,flex3117
3684,Rswd10
3685,Anthony
3686,Grammie
3687,EVMissy
3688,Gears
3689,Gr8Andini
3690,Zavala
3691,Shibby
3692,Roxanne
3693,Pugga
3694,Neeko
3695,Tisdale0504
3696,eddylaura
3697,Chuy
3698,Squirl
3699,Srikanth
3700,Sandyyy
3701,Paypay
3702,trang
3703,monkeyman
3704,CraigJ5974
3705,Drbelvue
3706,Loca
3707,Ellie3
3708,Tron
3709,Dree
3710,lucky
3711,Altman
3712,boboh
3713,ttredraider
3714,Betty
3715,Primo84
3716,Timothy
3717,DeAnna
3718,Jawr
3719,Tools17
3720,Rosado79
3721,photodude
3722,gmort
3723,Lyric
3724,ThomasToo
3725,CharliesMom
3726,gpro1
3727,Bobby
3728,jenpebbles
3729,Happylife
3730,CarterDeKid
3731,Chippy
3732,Ivonne1973
3733,sgalaxy
3734,Javi
3735,Klingejm
3736,Matan
3737,Scitter
3738,Drew
3739,Benjamin
3740,BigBad
3741,TbirdRoy
3742,Kathy
3743,Atlantainlove
3744,Shelleyp
3745,derick
3746,Pj131
3747,Mayo
3748,Coffeeme
3749,Ziggy
3750,Mary4565
3751,Freebird
3752,Rusty
3753,Freddie
3754,ecasill2
3755,mom5
3756,lpgalke123
3757,eschwable
3758,Unknown
3759,ctl13
3760,JK27
3761,HDelbrucke
3762,LenTaylorWrites
3763,KenH
3764,Bill5
3765,Sathya
3766,metacuate
3767,KitKat
3768,Peggy
3769,Cherry
3770,Anncap
3771,Xtreme56
3772,mrsw
3773,lpgonn
3774,Ed51648
3775,TeamTns
3776,Joseph
3777,dwade39
3778,SHADOW23STALKER
3779,Tiffj
3780,Mandie
3781,MrLemonjello
3782,mdelicio
3783,Barb
3784,Hidier
3785,JimC
3786,Robp
3787,wagostini
3788,GaTraveler
3789,PaulsRv
3790,Chevygirl
3791,JudyKnit
3792,gllanes
3793,LisaOpinion
3794,Charlie
3795,crlybrgr
3796,Tral70
3797,Pamela
3798,mary
3799,SpartyForLife
3800,TXCJG
3801,SteinyD
3802,Marisa
3803,Brad
3804,Demi
3805,Sandi987
3806,Jdlk1
3807,Osmaidi
3808,Jason
3809,Jandevito
3810,Jeremy
3811,Goldenspire
3812,AlexaTheDOT
3813,JJacknAZ
3814,Chris
3815,PLeyava
